{
  "0": {
    "cooldown_until": 1782136214.24134,
    "failures": 4
  },
  "1": {
    "cooldown_until": 1782136266.0129852,
    "failures": 4
  },
  "2": {
    "cooldown_until": 1782111872.0091267,
    "failures": 0
  },
  "3": {
    "cooldown_until": 1782111897.1656952,
    "failures": 0
  },
  "4": {
    "cooldown_until": 1782111932.7663727,
    "failures": 0
  },
  "5": {
    "cooldown_until": 1782111957.262306,
    "failures": 0
  },
  "6": {
    "cooldown_until": 1782112043.4091673,
    "failures": 0
  },
  "7": {
    "cooldown_until": 1782112104.2184277,
    "failures": 1
  },
  "8": {
    "cooldown_until": 1782112063.7568576,
    "failures": 1
  },
  "9": {
    "cooldown_until": 1782112073.204909,
    "failures": 0
  },
  "10": {
    "cooldown_until": 1782112195.0942745,
    "failures": 0
  },
  "11": {
    "cooldown_until": 0.0,
    "failures": 0
  },
  "12": {
    "cooldown_until": 0.0,
    "failures": 0
  },
  "13": {
    "cooldown_until": 0.0,
    "failures": 0
  },
  "14": {
    "cooldown_until": 0.0,
    "failures": 0
  }
}